{"cameraMode":{"drawMode":0,"name":"Shaded","section":"Shading Mode"},"sceneLighting":false,"audioPlay":false,"sceneViewState":{"m_AlwaysRefresh":false,"showFog":true,"showSkybox":false,"showFlares":true,"showImageEffects":true,"showParticleSystems":true,"showVisualEffectGraphs":true,"m_FxEnabled":true},"in2DMode":false,"pivot":{"x":-11.020000457763672,"y":0.8100000023841858,"z":-9.399999618530274},"rotation":{"x":0.0004443554498720914,"y":0.9690819382667542,"z":-0.24673472344875337,"w":0.0017452271422371269},"size":1.0098718404769898,"orthographic":false}